Class Name,Scientific Name,Botanical Family,Genus & Species,Local/Vernacular Names,Leaf Morphology,Plant Habit,Life Span,Geographical Origin,Native Habitat,Global Distribution,Preferred Soil Type,Climate Requirements,Primary Active Compounds,Secondary Metabolites,Essential Oils,Nutritional Profile,Therapeutic Properties,Traditional Uses,Modern Clinical Uses,Medicinal Part Used,Standard Dosage,Internal Preparation Method,External Application Method,Culinary Uses,Extraction Process,Toxicity Levels,Contraindications,Pregnancy & Lactation Safety,Drug-Herb Interactions,Conservation Status
1_1_thankuni,Centella asiatica,Apiaceae,Centella / asiatica,"Bengali: Thankuni; English: Indian Pennywort, Gotu Kola; Hindi: Brahmi","Orbicular-reniform, 3-5cm across, crenate or sub-entire margins, glabrous, radiating nerves",Herb,Perennial,Indian Subcontinent,"Tropical wetlands, marshy areas, tropical forests","India, Bangladesh, Sri Lanka, Southeast Asia, Africa","Loamy, well-drained, moist soil","Tropical, 20-30°C, high humidity, 1500-2500mm rainfall annually","Asiaticoside, madecassoside, asiatic acid, madecassic acid","Flavonoids, phenolic acids, triterpenes, alkaloids",Trace amounts of volatile oils,"Vitamin C, iron, potassium, calcium, magnesium, amino acids","Cognitive enhancement, wound healing, anti-inflammatory, antioxidant, anxiolytic","Ayurvedic brain tonic, memory enhancement, skin conditions, fever","Treatment of cognitive disorders, varicose veins, cellulite, anxiety management","Whole aerial part, leaves preferred","3-6g dried herb daily, or 500-1500mg extract daily","Decoction, infusion, powder capsules, standardized extract","Poultice, herbal paste, oil infusion, topical cream","Edible leaf in salads, herbal teas, smoothies, traditional curries","Aqueous extraction, alcoholic extraction (60-70% ethanol), CO2 extraction",Very low toxicity; LD50 >5000 mg/kg in animal models,"Pregnancy (large doses), lactation (caution), estrogen-sensitive tumors",Avoid high doses in pregnancy; minimal use acceptable in lactation under supervision,May enhance effect of sedatives; possible interaction with anticoagulants,"Common, IUCN: Not evaluated (widespread, cultivated)"
1_2_pathorkuchi,Bacopa monnieri,Plantaginaceae,Bacopa / monnieri,"Bengali: Pathorkuchi, Brahmi; English: Water Hyssop; Hindi: Brahmi, Jal-Brahmi","Small, obovate to spoon-shaped, 4-6mm long, succulent, opposite arrangement",Herb (semi-aquatic),Perennial,Indian Subcontinent,"Tropical wetlands, marshes, pond margins, tropical monsoon forests","India, Bangladesh, Southeast Asia, Australia","Sandy loam, well-drained moist soil, adaptable to aquatic conditions","Tropical-subtropical, 20-30°C, high humidity, 1200-2400mm rainfall","Bacosides (bacopaside I, II), bacosine, alkaloids (nicotine-like)","Flavonoids, saponins, beta-sitosterol, stigmasterol",Minimal essential oils,"Iron, potassium, calcium, magnesium, vitamins A & C","Nootropic, memory enhancer, adaptogen, anti-anxiety, antioxidant, anti-inflammatory","Ayurvedic brain tonic, nerve tonic, cooling, digestive aid, skin conditions","Cognitive enhancement, memory disorders, ADHD support, anxiety, depression",Whole aerial plant,"4-6g dried herb daily, or 300-600mg extract standardized to 55% bacosides","Decoction, infusion, aqueous extract, powder, capsules","Oil massage, herbal paste, topical application","Herbal teas, smoothies, traditional soups, limited culinary use","Aqueous extraction, 50-70% ethanol extraction, cold maceration",Very low; LD50 >3000 mg/kg,"Pregnancy (high doses avoid), thyroid disorders, GI obstructions",Avoid in first trimester; minimal therapeutic use acceptable later under guidance,"May enhance sedatives; caution with CNS depressants, anticoagulants","Common, IUCN: Not evaluated (widely cultivated, wild populations stable)"
1_3_apang,Achyranthes aspera,Amaranthaceae,Achyranthes / aspera,"Bengali: Apang, Upatlengra, Bilaykhamchi; English: Prickly Chaff Flower; Hindi: Aghada","Lanceolate to elliptic, 2-5cm long, pubescent, margin entire, opposite arrangement",Herb,Annual/Biennial,"Indian Subcontinent, Africa","Tropical dry forests, open grasslands, wastelands, disturbed areas","India, Bangladesh, tropical Africa, widespread pantropical distribution","Sandy loam, well-drained soil, tolerates poor soils","Tropical-subtropical, 15-35°C, moderate rainfall, drought tolerant (800-1500mm)","Saponins, alkaloids, essential oil, triterpenes","Flavonoids, tannins, phenols, glycosides",0.5-1% aromatic essential oil,"Calcium, iron, phosphorus, vitamin C","Diuretic, laxative, anthelmintic, anti-inflammatory, respiratory support","Ayurvedic treatment for jaundice, urinary troubles, respiratory issues","Urinary tract support, anthelmintic therapy, digestive aid, respiratory health",Leaves and roots equally important,"3-6g dried herb daily, 1-2 tbsp leaf juice, or decoction","Decoction, leaf juice, powder, infusion","Paste application, oil infusion, poultice",Minimal culinary use; traditionally added to medicinal soups,"Aqueous decoction, 50% ethanol extraction, juice extraction",Low; saponin content can cause GI irritation at very high doses,"Pregnancy (uterine stimulant), kidney disease, bleeding disorders",Avoid in pregnancy; safe in lactation at normal medicinal doses,May interact with diuretics; caution with blood thinners,"Common, IUCN: Not evaluated (abundant in native range)"
1_4_kalomegh,Andrographis paniculata,Acanthaceae,Andrographis / paniculata,"Bengali: Kalomegh, Kalomegh Pata; English: Green Chiretta, King of Bitters; Hindi: Kalmegh","Linear-lanceolate, 1-5cm long, glabrous, margin entire, opposite arrangement, acute apex",Herb (branched),Annual,Indian Subcontinent,"Tropical dry forests, cultivated fields, open grasslands","India, Bangladesh, throughout Southeast Asia, now cultivated globally","Well-drained loamy soil, slightly acidic to neutral pH","Tropical-subtropical, 20-30°C, moderate rainfall (750-2250mm), prefers dry season","Andrographolide (diterpenoid lactone), neoandrographolide, deoxyandrographolide","Flavonoids (quercetin, apigenin), tannins, alkaloids, polyphenols",Trace amounts of volatile oils,"Vitamin A, calcium, phosphorus, potassium, iron","Immunomodulating, anti-inflammatory, antimicrobial, antipyretic, hepatoprotective","Ayurvedic fever treatment, bitter tonic, liver support, digestive aid, wound healing","Cold/flu treatment, viral infections, liver detoxification, immune support",Leaves and aerial parts,"3-4g dried herb daily, or 300-400mg standardized extract (andrographolide 10%)","Decoction, infusion, powder, standardized extract, fresh juice","Paste, poultice, herbal wash",Extremely bitter; rarely used in culinary; herbal teas only,"Aqueous decoction, 60-80% ethanol extraction, water extraction preferred",Very low; LD50 >15000 mg/kg,"Pregnancy (potential uterine effects), severe diarrhea, active bleeding",Avoid in pregnancy; minimal use acceptable in lactation,May enhance anticoagulants; caution with immune-suppressing drugs,"Common, IUCN: Not evaluated (widely cultivated, wild populations declining in some areas)"
2_5_kaluchitra,Phyllanthus acidus,Phyllanthaceae,Phyllanthus / acidus,"Bengali: Kaluchitra, Potala; English: Star Gooseberry, Otaheite Gooseberry; Hindi: Ambla","Leaflets small, 0.5-1.5cm, elliptic, feathery bipinnate arrangement, bright green",Shrub/Small tree,Perennial,"Tropical Asia, Indian Subcontinent","Tropical deciduous forests, cultivated plantations, tropical wetlands","India, Bangladesh, Southeast Asia, now pan-tropical cultivation","Well-drained loamy soil, slightly acidic, fertile soil","Tropical, 20-32°C, moderate to high rainfall (1200-2400mm), humid conditions","Vitamin C (ascorbic acid), phyllanthin, hypophyllanthin, phyltetralin","Flavonoids, tannins, alkaloids, polyphenols, ellagic acid",Minimal essential oils,"Very high vitamin C (600-700mg/100g), copper, zinc, iron, magnesium, vitamin A","Antioxidant, immunomodulating, hepatoprotective, anti-inflammatory, antimicrobial","Ayurvedic cooling tonic, liver support, digestive aid, fever management, skin health","Liver function support, immune enhancement, antioxidant therapy, skin conditions","Fruit (primary), leaves, bark","Fresh fruit 50-100g daily, or dried fruit powder 3-6g daily","Fresh fruit consumption, decoction of fruit, powder, juice","Paste, fruit poultice, leaf decoction wash","Edible sour fruit in curries, chutneys, pickles, traditional soups","Water extraction, 50% ethanol extraction, cold juice extraction",Very low; no toxicity recorded,None known; well-tolerated,Safe in pregnancy and lactation; traditionally used as nutritive tonic,May enhance anticoagulants; minimal interactions expected,"Common, IUCN: Not evaluated (widely cultivated, secure)"
2_6_ayapan,Alternanthera sessilis,Amaranthaceae,Alternanthera / sessilis,"Bengali: Ayapan, Jayanti; English: Sessile Joyweed; Hindi: Jal Brahmi, Punarnava variant","Narrowly elliptic, 1-3cm long, glabrous, opposite arrangement, sessile",Herb (prostrate spreading),Annual/Perennial,"Indian Subcontinent, Southeast Asia","Tropical wetlands, pond margins, marshes, disturbed areas","India, Bangladesh, pantropical distribution, widespread as weed","Moist loamy soil, adaptable to wet conditions","Tropical, 20-30°C, high humidity, 1000-2500mm rainfall, moisture-loving","Alkaloids, saponins, phenols","Flavonoids, tannins, glycosides",Trace amounts,"Calcium, iron, phosphorus, potassium, vitamins","Diuretic, anthelmintic, anti-inflammatory, cooling, digestive support","Ayurvedic cooling herb, urinary support, fever reduction, liver support","Urinary tract health, digestive support, traditional wetland remedy",Whole aerial plant,"4-6g dried herb, fresh juice 15-30ml daily","Decoction, fresh juice, powder, infusion","Paste, poultice, topical application","Edible leaf in soups, curries, traditional water-based dishes","Aqueous extraction, fresh juice extraction, 50% ethanol extraction",Very low; well-tolerated,"Pregnancy (diuretic effects), electrolyte imbalances",Avoid in pregnancy; minimal use in lactation,May enhance diuretics; caution with potassium-affecting drugs,"Common, IUCN: Not evaluated (abundant, weedy distribution)"
2_7_akondo,Calotropis procera,Apocynaceae,Calotropis / procera,"Bengali: Akondo, Akanda; English: Giant Milkweed, Rubber Plant; Hindi: Aak, Madar","Oblong-lanceolate, 6-12cm long, pubescent, waxy coating, opposite arrangement",Shrub/Small tree,Perennial,"Tropical Africa, Arabian Peninsula, Indian Subcontinent","Semi-arid regions, dry grasslands, waste areas, xerophytic habitats","Africa, Middle East, India, Bangladesh, pan-tropical","Well-drained sandy soil, poor soil tolerance","Tropical-subtropical, 15-40°C, drought resistant, 400-1200mm rainfall","Cardenolides (cardiac glycosides), cardiac aglycones, alkaloids","Triterpenes, phenols, flavonoids, saponins",Aromatic compounds in latex,Limited nutritional value; medicinal compounds predominant,"Anti-inflammatory, analgesic, antimicrobial, laxative (caution), skin treatment","Unani pain relief, traditional skin ulcer treatment, Ayurvedic wound care","Topical inflammation treatment, traditional dermatological uses","Leaves, latex, roots (all parts toxic)",External use only recommended; internal use highly restricted (0.5-1g leaf powder max),"Minimal internal use; topical paste/oil preferred, restricted decoction","Latex paste, herbal oil, leaf poultice, topical application",None; toxic for consumption,"Oil extraction, alcoholic extraction (external use only)",HIGH - Cardiac glycosides; LD50 variable; external use safer than internal,"Pregnancy AVOID, lactation AVOID, cardiac disease, internal use generally contraindicated",ABSOLUTELY CONTRAINDICATED in pregnancy; cardiotoxic potential,"SERIOUS: Interaction with cardiac drugs, anticoagulants - AVOID if on heart medications","Common, IUCN: Not evaluated (widespread, hardy species)"
2_8_bamonhati,Desmodium triflorum,Fabaceae,Desmodium / triflorum,"Bengali: Bamonhati, Shamik; English: Three-flowered Tickclover; Hindi: Shamik","Trifoliate, leaflets 1-2cm, obovate, glabrous, opposite arrangement",Herb (trailing),Perennial,"Tropical Asia, Indian Subcontinent","Tropical grasslands, forest edges, disturbed areas, cultivated fields","India, Bangladesh, Southeast Asia, pantropical distribution","Well-drained sandy loam, adaptable soil","Tropical, 20-30°C, moderate rainfall (800-2000mm)","Alkaloids, saponins, phenols, tannins","Flavonoids, glycosides, terpenoids",Trace amounts,"Protein (legume family), minerals, vitamins","Anti-inflammatory, antimicrobial, anthelmintic, respiratory support","Ayurvedic respiratory tonic, cough relief, asthma support, fever management","Respiratory health support, traditional asthma therapy",Whole aerial plant,"3-6g dried herb daily, decoction or powder","Decoction, powder, infusion","Paste, poultice, topical application",Minimal culinary use; occasional addition to medicinal herbal preparations,"Aqueous decoction, 50% ethanol extraction",Low; well-tolerated,None significant; safe herb,Generally safe in both pregnancy and lactation,Minimal interactions expected,"Common, IUCN: Not evaluated (abundant, widely distributed)"
3_9_kalodhutra,Amaranthus spinosus,Amaranthaceae,Amaranthus / spinosus,"Bengali: Kalodhutra, Kanto Nota; English: Spiny Amaranth; Hindi: Kanta Nota","Broadly lanceolate, 3-7cm, glabrous, alternate arrangement, spines at leaf axils",Herb,Annual,"Tropical Americas, now pan-tropical","Open grasslands, disturbed areas, cultivated fields, waste areas","Pantropical, invasive in many regions, common in Bangladesh and India","Well-drained soil, adaptable to poor soils","Tropical-subtropical, 20-35°C, moderate rainfall (600-2000mm)","Saponins, alkaloids, flavonoids","Tannins, phenols, glycosides, triterpenes",Minimal essential oils,"High protein, calcium, iron, phosphorus, vitamin A, beta-carotene","Anthelmintic, anti-inflammatory, cooling, diuretic, nutritive","Ayurvedic cooling tonic, digestive aid, urinary support, fever management","Nutritional support, traditional digestive and parasitic management",Whole aerial plant (leaves preferred),"Fresh leaves 50-100g, dried 3-6g daily","Decoction, fresh juice, powder, cooked as vegetable","Paste, poultice, topical application","Edible vegetable in curries, soups, stir-fries (young leaves tender)","Aqueous extraction, fresh juice extraction, 50% ethanol",Very low; food-grade plant,None significant; well-tolerated,Safe; nutritive during pregnancy and lactation,Minimal; excellent food herb,"Common, IUCN: Not evaluated (invasive in many regions)"
3_10_tarulata,Scoparia dulcis,Plantaginaceae,Scoparia / dulcis,"Bengali: Tarulata; English: Sweet Broom; Hindi: Jalabruhi, Kaariyanchi","Small, linear-lanceolate, 0.5-2cm, glabrous, whorled arrangement, margin entire",Herb (compact shrub),Annual/Perennial,"Tropical America, now pan-tropical","Tropical grasslands, disturbed areas, cultivated fields, roadside","Pan-tropical, invasive in many regions, common in Bangladesh","Well-drained soil, adaptable","Tropical, 20-32°C, moderate rainfall (800-1800mm)","Alkaloids, triterpenes, phenols","Flavonoids, tannins, glycosides",Minimal; aromatic compound scoparone reported,"Minerals, vitamins, chlorophyll","Antimicrobial, anti-inflammatory, anthelmintic, diuretic, cooling","Traditional fever remedy, urinary support, skin conditions, digestive aid","Antimicrobial support, traditional diuretic therapy",Whole aerial plant,"4-6g dried herb daily, fresh juice 15-30ml","Decoction, fresh juice, powder, infusion","Paste, poultice, topical wash",Minimal; occasionally in herbal teas,"Aqueous decoction, fresh juice extraction, 50% ethanol",Very low; well-tolerated,None significant,Generally safe; minimal traditional restrictions,Minimal interactions expected,"Common, IUCN: Not evaluated (invasive in many regions)"
4_11_punarnava,Boerhavia diffusa,Nyctaginaceae,Boerhavia / diffusa,"Bengali: Punarnava, Kshiringi; English: Spreading Hogweed; Hindi: Punarnava","Ovate, 1-3cm, glabrous to pubescent, slightly fleshy, opposite arrangement",Herb (prostrate spreading),Annual/Perennial,"Tropical Asia, Indian Subcontinent","Open grasslands, disturbed areas, field margins, cultivated fields","Pantropical, widely distributed in tropical regions","Well-drained sandy loam, adaptable to poor soils","Tropical-subtropical, 20-35°C, moderate rainfall (600-2000mm)","Rotenone, alkaloids (boeravinone), flavonoids","Saponins, tannins, phenols, glycosides, triterpenes",Trace amounts,"Minerals, vitamins, chlorophyll","Diuretic, anti-inflammatory, antimicrobial, hepatoprotective, anthelmintic","Ayurvedic diuretic and rejuvenative, kidney/urinary support, liver tonic, skin health","Kidney function support, diuretic therapy, liver health promotion",Root and whole plant,"3-6g dried herb daily, 1-2 tbsp fresh juice, decoction","Decoction, fresh juice, powder, infusion","Paste, poultice, topical application",Minimal culinary use; medicinal herb primarily,"Aqueous decoction, 50% ethanol extraction, juice extraction",Low; rotenone content means moderation advised,"Pregnancy, acute kidney disease, diuretic overdose risk",Avoid in pregnancy; minimal use in lactation,May enhance diuretics; caution with potassium-affecting drugs,"Common, IUCN: Not evaluated (abundant and widespread)"
4_12_agnishikha,Justicia adhatoda,Acanthaceae,Justicia / adhatoda,"Bengali: Agnishikha, Bashok Pata; English: Malabar Nut, Vassa; Hindi: Adusa, Vasa","Lanceolate, 8-15cm long, acuminate apex, pubescent, opposite arrangement",Shrub,Perennial,"Indian Subcontinent, Southeast Asia","Tropical deciduous forests, forest edges, cultivated areas","India, Bangladesh, Southeast Asia, now cultivated widely","Well-drained loamy soil, fertile, slightly acidic","Tropical-subtropical, 20-30°C, moderate rainfall (1000-2500mm)","Vasicine (quinazoline alkaloid), vasicinone, essential oils","Alkaloids (anisotine), flavonoids, tannins, phenols",0.2-0.5% aromatic essential oil,"Vitamin A, calcium, iron, phosphorus","Bronchodilator, expectorant, antitussive, antimicrobial, anti-inflammatory","Ayurvedic respiratory tonic, cough remedy, asthma support, tuberculosis support","Respiratory health, cough suppression, bronchitis treatment, asthma support","Leaves, bark, roots","2-4g dried leaves daily, leaf juice 5-10ml, or standardized extract","Decoction, fresh juice, powder, herbal syrup, standardized extract","Paste, leaf poultice, topical application",None; medicinal herb,"Aqueous decoction, 60% ethanol extraction, juice extraction",Low; vasicine safe at therapeutic doses,"Pregnancy (mild uterine stimulation), hypotension, cardiac issues",Avoid in pregnancy; safe in lactation,May enhance blood pressure-affecting drugs; caution with cardiac meds,"Common, IUCN: Not evaluated (widely cultivated)"
4_13_tulsi,Ocimum sanctum,Lamiaceae,Ocimum / sanctum,"Bengali: Tulsi, Tulshi; English: Holy Basil; Hindi: Tulsi, Basil, Sharada","Ovate to oblong, 1-3cm, pubescent, margin serrate, opposite arrangement, aromatic","Herb (erect, branched)",Annual/Short-lived perennial,Indian Subcontinent,"Tropical regions, cultivated gardens, temple areas","India, Bangladesh, Southeast Asia, now cultivated globally","Well-drained loamy soil, fertile, good drainage","Tropical-subtropical, 20-28°C, moderate rainfall (1000-2000mm)","Eugenol, orientin, vicenin, rosmarinic acid, apigenin","Alkaloids, flavonoids, tannins, phenolic compounds",0.5-1% essential oil (eugenol 60-80%),"Vitamin A, C, calcium, iron, potassium, manganese","Adaptogenic, antioxidant, antimicrobial, anti-inflammatory, immunomodulating","Ayurvedic adaptogen, stress relief, fever management, cough remedy, spiritual herb","Stress and anxiety management, immune support, antioxidant therapy, respiratory health",Leaves and aerial parts,"2-4g dried leaves daily, fresh leaf juice 5-10ml, or 300-600mg extract","Fresh juice, herbal tea, powder, decoction, standardized extract","Leaf paste, topical application, essential oil massage","Edible leaves in teas, traditional Indian curries, garnish, spice","Water extraction, 60-70% ethanol extraction, essential oil distillation, cold infusion",Very low; safe herb with extensive traditional use,"Pregnancy (mild stimulation), hypoglycemia risk with some preparation",Generally safe in pregnancy and lactation at normal culinary/mild therapeutic doses,May enhance anticoagulants; minimal interactions otherwise,"Common, IUCN: Not evaluated (widely cultivated, sacred status)"
4_14_ramtulshi,Ocimum basilicum,Lamiaceae,Ocimum / basilicum,"Bengali: Ramtulshi, Sweet Basil; English: Sweet Basil, Garden Basil; Hindi: Ram Tulsi","Ovate to oblong, 2-4cm, glabrous to pubescent, margin entire/serrate, opposite arrangement","Herb (erect, branched)",Annual,Indian Subcontinent,"Tropical and subtropical regions, cultivated globally",Widely cultivated throughout temperate and tropical regions,"Well-drained loamy soil, fertile, good drainage","Warm temperate to tropical, 18-28°C, moderate rainfall (500-1500mm)","Estragole, linalool, methyl cinnamate, eugenol (less than O. sanctum)","Flavonoids, tannins, phenolic compounds, alkaloids",0.1-0.4% essential oil (varied composition),"Vitamin A, C, K, calcium, iron, manganese, magnesium","Antimicrobial, anti-inflammatory, antioxidant, digestive support, carminative","Culinary herb with medicinal properties, digestive aid, fever support","Digestive health, antimicrobial support, culinary and medicinal applications",Leaves and aerial parts,"2-4g dried leaves daily, fresh juice 5-10ml, or as culinary spice","Fresh herb, herbal tea, powder, decoction, culinary use","Leaf paste, essential oil, topical application","Extensively used in Italian and Mediterranean cuisine, teas, pesto, garnish","Water extraction, 50% ethanol extraction, essential oil distillation","Very low; culinary herb, safe with common use",Rare; estragole at very high doses considered (normal use safe),Safe in pregnancy and lactation at normal culinary amounts,Minimal interactions expected,"Common, IUCN: Not evaluated (widely cultivated globally)"
4_15_basok,Adhatoda vasica,Acanthaceae,Adhatoda / vasica,"Bengali: Basok, Bashak; English: Malabar Nut, Adatoda; Hindi: Adusa","Lanceolate, 10-18cm long, acuminate, pubescent, opposite arrangement",Shrub,Perennial,Indian Subcontinent,"Tropical deciduous forests, forest margins, cultivated areas","India, Bangladesh, Southeast Asia","Well-drained loamy soil, fertile, slightly acidic","Tropical-subtropical, 20-30°C, moderate rainfall (1000-2500mm)","Vasicine, vasicinone, alkaloids, essential oils","Flavonoids, tannins, phenols, glycosides",0.2-0.5% aromatic oil,"Vitamin A, calcium, iron, phosphorus","Bronchodilator, expectorant, antitussive, antimicrobial, anti-inflammatory","Ayurvedic cough remedy, respiratory support, asthma management, lung health","Respiratory health, bronchitis treatment, cough suppression, asthma support","Leaves, bark, roots, seeds","2-4g dried leaves daily, leaf juice 5-10ml, or standardized extract","Decoction, fresh juice, powder, syrup, standardized extract","Paste, poultice, topical application",None; medicinal herb,"Aqueous decoction, 60% ethanol extraction, juice extraction",Low; vasicine safe at therapeutic doses,"Pregnancy (mild uterine effects), hypotension, cardiac disease",Avoid in pregnancy; safe in lactation,May enhance blood pressure drugs; caution with cardiac medications,"Common, IUCN: Not evaluated (widely cultivated)"
4_16_neem,Azadirachta indica,Meliaceae,Azadirachta / indica,"Bengali: Neem, Nim; English: Indian Lilac, Neem Tree; Hindi: Neem, Nimb","Pinnate, leaflets lanceolate, 2-4cm, glabrous, serrate margin, feathery appearance",Tree (medium),"Perennial (long-lived, 150-200+ years)",Indian Subcontinent,"Tropical dry forests, deciduous forests, semi-arid regions","India, Bangladesh, pantropical cultivation, adapted globally","Well-drained loamy soil, tolerates poor soils, slightly acidic to alkaline","Tropical-subtropical, 15-40°C, drought tolerant, 400-2250mm rainfall","Azadirachtin (limonoid), nimbin, salannin, mahagoni, fatty acids","Alkaloids, flavonoids, tannins, phenols, triterpenes",0.1-0.5% volatile oils (margosa oil),"Vitamin A, C, iron, calcium, phosphorus, healthy fatty acids (seed oil)","Antimicrobial, antifungal, anthelmintic, anti-inflammatory, immunomodulating, skin health","Ayurvedic purifying herb, skin conditions, fever, parasites, liver support","Antimicrobial therapy, antifungal support, dental health, immune enhancement","Leaves (primary), bark, seeds, oil","3-6g dried leaves daily, leaf juice 5-10ml, neem oil applied topically only","Decoction, powder, fresh juice, limited internal use of leaf extract","Neem oil topical application, paste, poultice, skin wash","Neem leaves occasionally in curry (bitter), not common culinary use","Oil pressing (seed), aqueous decoction (leaf), 50% ethanol extraction",Low for leaves; neem oil seed extract has moderate toxicity (LD50 31.62 mg/kg extract),"Pregnancy AVOID internal use (potential teratogenic effects with seed oil), lactation caution",AVOID seed oil in pregnancy (teratogenic potential); leaf use minimal and cautious,"May enhance anticoagulants; caution with immune-suppressing drugs, blood thinners","Common, IUCN: Not evaluated (widespread, sacred and protected)"
4_17_pudina,Mentha piperita,Lamiaceae,Mentha / piperita,"Bengali: Pudina, Peppermint; English: Peppermint; Hindi: Pudina","Lanceolate to elliptic, 2-4cm, glabrous, serrate margin, opposite arrangement, aromatic","Herb (stoloniferous, spreading)",Perennial,"Hybrid species (Asia origin, Mediterranean cultivation)","Temperate to subtropical regions, cultivated globally",Cultivated worldwide in temperate and subtropical regions,"Well-drained loamy soil, fertile, moist","Temperate to subtropical, 10-28°C, moderate rainfall (500-1500mm), frost hardy","Menthol (40-90%), menthone, limonene, pulegone, eucalyptol","Flavonoids, tannins, phenolic compounds, rosmarinic acid",2-3% essential oil (menthol rich),"Vitamin A, C, minerals, manganese, iron","Antispasmodic, carminative, digestive aid, cooling, antimicrobial, anti-inflammatory","Ayurvedic cooling herb, digestive aid, headache relief, respiratory support","Digestive health, IBS support, headache and migraine management, cooling remedy",Leaves and aerial parts,"2-4g dried leaves daily, fresh juice 5-10ml, or essential oil 1-3 drops","Herbal tea, infusion, fresh juice, powder, essential oil (cautious internal use)","Leaf paste, essential oil topical (diluted), massage oil","Extensively used in teas, beverages, desserts, savory dishes, candy, garnish","Water extraction, 50% ethanol extraction, essential oil steam distillation","Very low; safe culinary herb, essential oil caution in high doses","Infants/young children (menthol caution), GERD aggravation possible, pregnancy minimal concern",Safe in pregnancy and lactation at normal culinary and mild therapeutic doses,Minimal interactions; may slightly enhance some medications,"Common, IUCN: Not evaluated (widely cultivated, hybrid species)"
4_18_joba,Hibiscus sabdariffa,Malvaceae,Hibiscus / sabdariffa,"Bengali: Joba, Loha; English: Roselle, Red Sorrel, Hibiscus; Hindi: Jaba","Deeply lobed, 3-5 lobes, 5-10cm, serrate, glabrous to pubescent, alternate arrangement",Herb/Shrub,Annual/Perennial (depends on climate),"Tropical Africa, Indian Subcontinent","Tropical grasslands, cultivated fields, open areas","Pantropical cultivation, India, Bangladesh, Africa, Caribbean","Well-drained loamy soil, fertile, slightly acidic to neutral","Tropical-subtropical, 20-32°C, moderate rainfall (750-2000mm)","Anthocyanins, flavonoids (hibiscetine), organic acids (citric, malic, tartaric)","Polyphenols, tannins, protocatechuic acid, hibiscic acid",Minimal essential oils,"Vitamin C, vitamin A, calcium, iron, phosphorus, antioxidants","Antioxidant, antimicrobial, anti-inflammatory, antihypertensive, hepatoprotective","Ayurvedic cooling tonic, blood pressure support, digestive aid, menstrual support","Blood pressure management, antioxidant therapy, metabolic syndrome support","Calyces (sepals), leaves, flowers","2-4g dried calyces daily, herbal tea 1-3 cups daily","Herbal tea, decoction, fresh juice, powder","Paste, topical application, herbal wash","Extensively used in teas, beverages, jams, chutneys, sauces, garnish","Water extraction (tea preferred), 50% ethanol extraction, juice extraction",Very low; food-grade herb,"Pregnancy (mild uterine effects in some studies), kidney disease caution",Generally safe at normal culinary amounts; avoid high medicinal doses in pregnancy,May enhance blood pressure drugs; minimal other interactions,"Common, IUCN: Not evaluated (widely cultivated)"
4_19_sojina,Moringa oleifera,Moringaceae,Moringa / oleifera,"Bengali: Sojina, Sojne; English: Drumstick Tree, Moringa; Hindi: Shigru, Sahjan","Tripinnate, leaflets small (0.3-0.8cm), ovate, glabrous, feathery appearance",Tree (small to medium),Perennial,Indian Subcontinent,"Tropical dry forests, semi-arid regions, cultivated widely","India, Bangladesh, Africa, now pantropical cultivation","Well-drained sandy loam, tolerates poor soils, slightly alkaline to neutral","Tropical-subtropical, 15-35°C, drought tolerant, 400-2250mm rainfall","Proteins, amino acids, vitamins A/C, minerals, glucosinolates, niazimicin","Flavonoids, polyphenols, benzyl isothiocyanate, carotenoids",Minimal essential oils,"Exceptional nutrition: protein 25-30%, vitamin C, vitamin A, calcium, iron (leaves are superfood)","Antioxidant, anti-inflammatory, antimicrobial, anticancer potential, nutritive","Ayurvedic nutritive tonic, blood support, energy enhancement, skin health","Nutritional support, antioxidant therapy, blood health, energy and stamina","Leaves (primary), pods, seeds, root","Fresh leaves 50-100g daily, dried powder 3-6g daily, standardized extract","Fresh leaves cooked, powder, herbal tea, decoction, juice extraction","Paste, topical application, seed oil (rarely)","Edible leaves in curries, pods as vegetable, seeds for oil (culinary and medicinal)","Water extraction, 50-70% ethanol extraction, cold pressing (seed oil)",Very low; superfood status,None significant; root traditionally avoided in pregnancy (uterine stimulant potential),Leaves safe in pregnancy and lactation (nutritive); avoid root in pregnancy,Minimal interactions expected,"Common, IUCN: Not evaluated (widely cultivated, important food crop)"
5_20_gandha,Ixora coccinea,Rubiaceae,Ixora / coccinea,"Bengali: Gandha, Gandha Raj, Jaba; English: Flame of the Forest, Jungle Geranium; Hindi: Ixora","Elliptic-oblong, 5-10cm, glabrous, opposite arrangement, leathery",Shrub,Perennial,"South Asia, Indian Subcontinent","Tropical forests, cultivated gardens","India, Bangladesh, tropical Asia, cultivated ornamentally","Well-drained loamy soil, fertile, slightly acidic","Tropical-subtropical, 20-32°C, moderate to high rainfall (1000-2000mm)","Flavonoids, alkaloids, phenols, tannins","Glycosides, triterpenes, saponins",Trace aromatic compounds,Limited nutritional value; medicinal compounds predominant,"Anti-inflammatory, antimicrobial, astringent, anthelmintic, skin health","Traditional skin conditions, wound healing, fever management, parasitic support",Topical inflammation and skin health support,Flowers and leaves,"3-6g dried flower/leaf daily, decoction, limited use","Decoction, infusion, powder","Paste, poultice, topical application, flower decoction wash",Minimal; occasionally in traditional preparations,"Water extraction, 50% ethanol extraction",Very low; generally safe,None significant; safe herb,Generally safe,Minimal interactions expected,"Common, IUCN: Not evaluated (widely cultivated ornamental)"
5_21_shotomuli,Polygonatum verticillatum,Asparagaceae,Polygonatum / verticillatum,Bengali: Shotomuli; English: Whorled Solomon's Seal; Hindi: Miryakandi,"Lanceolate, 5-8cm, glabrous, whorled arrangement (variable), margin entire",Herb (rhizomatous),Perennial,"Himalayan region, Indian Subcontinent","Temperate to subtropical forests, shaded areas, mountainous regions","Himalayas, India, Bangladesh, temperate Asia","Well-drained loamy soil, shade-loving, forest soil","Temperate-subtropical, 10-25°C, high humidity, 1500-3000mm rainfall","Polysaccharides, mucilage, alkaloids, cardiac glycosides (trace)","Saponins, tannins, phenols, flavonoids",Minimal essential oils,"Minerals, polysaccharides, limited nutrients","Demulcent, anthelmintic, anti-inflammatory, respiratory support, joint health","Traditional respiratory support, joint health, rheumatic conditions",Respiratory and joint health support,Rhizome and leaves,"3-6g dried rhizome/leaf daily, decoction","Decoction, infusion, powder","Paste, poultice, topical application",Minimal culinary use,"Water extraction, 50% ethanol extraction",Very low; well-tolerated,None significant,Generally safe,Minimal interactions expected,"Common in native habitat, IUCN: Not evaluated (wild populations fair)"
6_22_sarpagandha,Rauvolfia serpentina,Apocynaceae,Rauvolfia / serpentina,"Bengali: Sarpagandha, Chandrika; English: Indian Snakeroot; Hindi: Sarpagandha","Lanceolate, 8-12cm, glabrous, whorled arrangement (3 per node), acuminate",Shrub/Small tree,Perennial,Indian Subcontinent,"Tropical wet and dry forests, shaded forest areas","India, Bangladesh, endemic to Indian subcontinent","Well-drained loamy soil, fertile, forest soil, slightly acidic","Tropical, 20-30°C, high humidity, 1500-2500mm rainfall, shade-loving","Reserpine, ajmaline, serpentine, alstonine (alkaloids)","Alkaloids (40+ identified), indole alkaloids, phenols",Minimal essential oils,Limited nutritional value; alkaloid-rich,"Antihypertensive, sedative, tranquilizing, antiarrhythmic, antipsychotic potential","Ayurvedic nervous system support, hypertension management, mental conditions","Blood pressure management (historical), psychiatric conditions, sedative therapy",Root and root bark (primary source of alkaloids),"0.5-1g dried root daily, or 50-100mg standardized alkaloid extract","Decoction, powder, standardized extract (pharmaceutical preparations)",Limited external use; primarily internal,None; strictly medicinal,"Aqueous decoction, 50% ethanol extraction, pharmaceutical alkaloid isolation",Moderate; alkaloid content requires careful dosing (LD50 320 mg/kg in animal models),"Pregnancy AVOID (teratogenic potential), depression, lactation AVOID, cardiac arrhythmias with caution",CONTRAINDICATED in pregnancy; potentially teratogenic; avoid in lactation,"SERIOUS: Interactions with blood pressure meds, antidepressants, cardiac drugs - medical supervision needed","Vulnerable, IUCN: Endangered (overharvesting, habitat loss, medicinal demand)"
6_23_anantamul,Hemidesmus indicus,Apocynaceae,Hemidesmus / indicus,"Bengali: Anantamul, Ananta Moola; English: Indian Sarsaparilla; Hindi: Anantamul","Lanceolate-elliptic, 2-4cm, glabrous, opposite arrangement, margin entire","Herb (trailing, climber-like)",Perennial,"Indian Subcontinent, tropical Asia","Tropical deciduous forests, open grasslands, cultivation","India, Bangladesh, Southeast Asia","Well-drained sandy loam, adaptable, slightly acidic","Tropical-subtropical, 20-32°C, moderate rainfall (1000-2000mm)","Flavonoids, phenols, tannins, saponins, coumarins","Glycosides, triterpenes, alkaloids",Trace amounts of aromatic oils,"Minerals, phytochemicals, limited nutritional value","Blood purifier, anti-inflammatory, antimicrobial, skin health, cooling","Ayurvedic blood purification, skin conditions, rheumatic support, cooling tonic","Blood health support, skin condition management, detoxification support","Root, leaves","3-6g dried root daily, decoction or powder","Decoction, powder, infusion, fresh juice","Paste, poultice, topical application",None; medicinal herb,"Aqueous decoction, 50% ethanol extraction, juice extraction",Very low; well-tolerated,None significant; safe herb,Generally safe; traditionally used,Minimal interactions expected,"Common, IUCN: Not evaluated (widespread, cultivated)"
6_24_chapalish,Artabotrys hexapetalus,Annonaceae,Artabotrys / hexapetalus,"Bengali: Chapalish, Chapaliza; English: Black Fruit Ylang-Ylang; Hindi: Chapaliza","Elliptic-lanceolate, 8-15cm, glabrous, alternate arrangement, acuminate apex",Shrub/Small tree,Perennial,"Indian Subcontinent, tropical Asia","Tropical evergreen forests, cultivated gardens","India, Bangladesh, Southeast Asia","Well-drained loamy soil, fertile, slightly acidic","Tropical, 20-32°C, high humidity, 1500-2500mm rainfall","Flavonoids, phenols, alkaloids, tannins","Essential oils (aromatic compounds), glycosides",0.5-1% fragrant essential oil,Limited nutritional value; medicinal compounds predominant,"Anti-inflammatory, antimicrobial, astringent, digestive support","Traditional digestive aid, fever management, skin conditions",Digestive and skin health support,"Leaves, bark, fruits","3-6g dried leaf/bark daily, decoction","Decoction, infusion, powder","Paste, poultice, topical application",Minimal culinary use; fragrant flower ornamental,"Water extraction, 50% ethanol extraction",Very low; well-tolerated,None significant,Generally safe,Minimal interactions expected,"Common, IUCN: Not evaluated (cultivated ornamental)"
6_25_amloki,Phyllanthus emblica,Phyllanthaceae,Phyllanthus / emblica,"Bengali: Amloki, Amlika; English: Indian Gooseberry, Amla; Hindi: Amlika, Amalaki","Leaflets small, 0.4-0.8cm, pinnate feathery arrangement, light green",Tree (medium),Perennial,Indian Subcontinent,"Tropical deciduous forests, cultivated orchards","India, Bangladesh, Southeast Asia","Well-drained loamy soil, slightly acidic to alkaline, fertile","Tropical-subtropical, 20-35°C, moderate rainfall (900-2250mm)","Vitamin C (ascorbic acid), phyllemblic acid, emblicanin A & B, tannins","Flavonoids, polyphenols, gallic acid, ellagic acid",Minimal essential oils,"Exceptionally high vitamin C (600-700mg/100g), copper, zinc, iron, manganese","Antioxidant, immunomodulating, hepatoprotective, cooling, rejuvenative","Ayurvedic rejuvenative tonic, immune support, cooling, digestive aid (Triphala ingredient)","Antioxidant therapy, immune enhancement, liver function support, aging management","Fruit (primary), leaves, bark, seed","Fresh fruit 50-100g daily, or 3-6g dried fruit powder daily","Fresh fruit, dried powder, decoction, juice, herbal jam (Amla murabba)","Paste, topical oil (from seeds), herbal wash","Edible fruit in fresh form, chutneys, pickles, jams, traditional sweets","Water extraction, 50% ethanol extraction, juice extraction, powder preparation",Very low; superfood status,None significant; well-tolerated,Safe and beneficial in pregnancy and lactation; traditional rejuvenative,May enhance anticoagulants; minimal other interactions,"Common, IUCN: Not evaluated (widely cultivated, secure)"
6_26_haritoki,Terminalia chebula,Combretaceae,Terminalia / chebula,"Bengali: Haritoki, Harali; English: Black Myrobalan, Chebulic Myrobalan; Hindi: Harad","Elliptic, 8-15cm, glabrous, opposite to subopposite arrangement, leathery",Tree (large),"Perennial (long-lived, 100+ years)",Indian Subcontinent,"Tropical deciduous and dry forests, cultivated","India, Bangladesh, throughout tropical Asia","Well-drained loamy soil, adaptable, tolerates poor soils","Tropical-subtropical, 15-35°C, moderate rainfall (750-2250mm), drought tolerant","Tannins (30-35%), chebulic acid, ellagic acid, gallic acid, ascorbic acid","Polyphenols, flavonoids, anthocyanins, anthraquinones",Minimal essential oils,"Vitamin C, minerals, antioxidant compounds","Astringent, laxative (mild), anthelmintic, hepatoprotective, rejuvenative, taste support","Ayurvedic rasayana (rejuvenative), digestive aid, parasitic support, taste enhancer (Triphala ingredient)","Digestive health, anthelmintic therapy, hepatoprotection, antioxidant support","Fruit, fruit rind","3-6g dried fruit powder daily, decoction, or as part of Triphala formulation","Decoction, powder, juice, Triphala preparation","Paste, wash, topical application",Limited culinary use; primarily medicinal; occasional spice,"Water extraction, 50% ethanol extraction, powder preparation",Very low; safe at therapeutic doses,"Excess diarrhea, dehydration (mild laxative caution)",Safe in pregnancy and lactation at normal medicinal doses; mild laxative action acceptable,May enhance anticoagulants; minimal other interactions,"Common, IUCN: Not evaluated (widely cultivated and wild populations stable)"
6_27_bohera,Terminalia bellirica,Combretaceae,Terminalia / bellirica,"Bengali: Bohera, Bohera; English: Bastard Myrobalan, Belleric Myrobalan; Hindi: Bahera","Obovate to elliptic, 10-20cm, glabrous, alternate to subopposite, leathery",Tree (large),"Perennial (long-lived, 100+ years)",Indian Subcontinent,"Tropical deciduous forests, cultivated","India, Bangladesh, Southeast Asia","Well-drained loamy soil, adaptable, tolerates poor soils","Tropical-subtropical, 15-35°C, moderate rainfall (750-2250mm)","Tannins (25-30%), belliric acid, polyphenols, vitamin C","Flavonoids, phenols, anthraquinones",Minimal essential oils,"Vitamin C, minerals, antioxidant compounds","Astringent, cooling, anthelmintic, hepatoprotective, eye health support","Ayurvedic eye tonic, respiratory support, fever management, cooling (Triphala ingredient)","Eye health support, respiratory support, anthelmintic therapy","Fruit, fruit kernel","3-6g dried fruit powder daily, decoction, or as part of Triphala","Decoction, powder, juice, Triphala preparation","Eye wash (decoction), paste, topical application",Limited culinary use; primarily medicinal,"Water extraction, 50% ethanol extraction, powder preparation",Very low; safe at therapeutic doses,None significant; well-tolerated,Safe in pregnancy and lactation at normal medicinal doses,Minimal interactions expected,"Common, IUCN: Not evaluated (widely cultivated and wild populations stable)"
6_28_oshwagandha,Withania somnifera,Solanaceae,Withania / somnifera,"Bengali: Oshwagandha, Ashwagandha; English: Indian Ginseng, Winter Cherry; Hindi: Ashwagandha","Ovate to lanceolate, 3-8cm, pubescent, alternate arrangement, margin entire",Herb/Shrub,Perennial,Indian Subcontinent,"Tropical dry forests, arid regions, cultivated","India, Bangladesh, Middle East, now cultivated globally","Well-drained sandy loam, drought tolerant, slightly alkaline","Tropical-subtropical, 15-35°C, drought tolerant, 400-1200mm rainfall","Withanolides (7-60%, 40+ identified), alkaloids, phenols, tannins","Flavonoids, saponins, iron, zinc",Minimal essential oils,"Iron, zinc, mineral content moderate, withanolides predominant","Adaptogenic, anxiolytic, anti-inflammatory, antioxidant, immunomodulating, stress support","Ayurvedic rasayana (rejuvenative), adaptogen, male fertility support, stress and sleep support","Stress and anxiety management, athletic performance, cognitive enhancement, male fertility",Root and leaves,"3-6g dried root powder daily, or 300-500mg standardized extract (5-10% withanolides)","Decoction, powder, standardized extract, milk decoction (traditional)","Paste, topical oil, massage application",Minimal; primarily medicinal; occasional traditional use,"Aqueous decoction, 50-70% ethanol extraction, standardized extraction",Very low; LD50 >3000 mg/kg,"Pregnancy (mild uterine effects in some studies - caution), autoimmune conditions (possible immune enhancement)",Generally regarded as safe but use with caution in pregnancy; acceptable in lactation,May enhance sedatives and anxiolytics; possible interaction with thyroid medications,"Common, IUCN: Not evaluated (widely cultivated, wild populations declining in some regions)"
6_29_devils_backbone,Euphorbia tithymaloides,Euphorbiaceae,Euphorbia / tithymaloides,"Bengali: Devil's Backbone, Zig-Zag Plant; English: Devil's Backbone, Redbird Cactus; Hindi: Nagadaman","Opposite, elliptic-obovate, 2-5cm, glabrous, margin entire, variegated in some varieties",Herb/Succulent shrub,Perennial,Tropical Americas,"Tropical regions, cultivated ornamentally","Pantropical cultivation, ornamental use","Well-drained sandy loam, drought tolerant, poor soil adaptable","Tropical-subtropical, 20-30°C, moderate to low rainfall, drought tolerant","Cardiac glycosides, alkaloids, phenols (potential toxins)","Triterpenes, tannins, saponins",Minimal essential oils,Limited nutritional value; potential toxic compounds,"Limited medicinal use; traditional antimicrobial, anthelmintic (caution required)",Limited traditional medicinal use; primarily ornamental,Minimal; caution due to potential toxins,Leaves only (if used medicinally),"Minimal; external use preferred, very limited internal use (0.1-0.5g maximum)",Strictly LIMITED use; external only recommended,"Paste, poultice, topical application (PRIMARY)",None; toxic for consumption,Water extraction limited; external application preferred,MODERATE - Cardiac glycosides present; potential toxicity,"Pregnancy AVOID, lactation AVOID, cardiac disease, internal use generally contraindicated",AVOID in pregnancy and lactation; cardiac glycoside toxicity risk,SERIOUS: Potential interactions with cardiac drugs - avoid if on heart medications,"Common, IUCN: Not evaluated (widespread ornamental)"
7_30_lemongrass,Cymbopogon citratus,Poaceae,Cymbopogon / citratus,"Bengali: Lemongrass, Sera Ghash; English: Lemongrass, West Indian Lemongrass; Hindi: Nimboo Ghash","Long, linear, 30-90cm, narrow (0.3-0.5cm wide), blade margins rough/serrulate, tufted",Grass (tall perennial),Perennial,"Tropical Asia, Southeast Asia","Tropical grasslands, cultivated widely","India, Bangladesh, Southeast Asia, now cultivated tropically worldwide","Well-drained loamy soil, fertile, slightly acidic to neutral","Tropical-subtropical, 20-30°C, moderate rainfall (750-2000mm), warm growing conditions","Citral (geranial & neral, 70-80%), limonene, myrcene, linalool","Geraniol, nerol, citronellol, other monoterpenes",3-5% essential oil (citral-rich),"Vitamin A, C, minerals (magnesium, potassium, zinc), antioxidants","Antimicrobial, antifungal, insecticidal, anti-inflammatory, digestive support, calming","Traditional digestive aid, fever management, insect repellent, calming tea","Antimicrobial support, digestive health, food preservation, aromatherapy",Leaves and stalks,"3-6g dried leaves daily, fresh juice 5-10ml, or 1-3 cups herbal tea","Herbal tea, fresh juice, infusion, dried powder, essential oil (cautious)","Essential oil massage (diluted), leaf poultice, topical application","Extensively used in Asian cuisine, teas, beverages, curry, soups, stir-fries","Water extraction (tea), steam distillation (essential oil), 50% ethanol extraction","Very low; food-grade herb, essential oil requires caution in high doses","Pregnancy (minimal concern at culinary amounts), essential oil internal use caution",Safe in pregnancy and lactation at normal culinary amounts,Minimal interactions; safe with most medications,"Common, IUCN: Not evaluated (widely cultivated)"
7_31_aloe_vera,Aloe vera,Asphodelaceae,Aloe / vera,"Bengali: Aloe Vera, Ghritkumari; English: Aloe Vera, Medicinal Aloe; Hindi: Ghitkumari","Lanceolate, succulent, 30-60cm long, blue-green, margin serrate with teeth, thick gel interior",Succulent herb,Perennial,"North Africa, Arabian Peninsula, naturalized in Mediterranean","Arid and semi-arid regions, xerophytic habitats","Pantropical cultivation, widely cultivated, naturalized globally","Well-drained sandy soil, drought tolerant, poor soil adaptable","Tropical-subtropical, 15-32°C, drought tolerant, low rainfall (250-1000mm), frost sensitive","Polysaccharides (acemannan), mucilage, anthraquinones (aloin, barbaloin), salicylic acid","Vitamins (A, B, C, E), minerals (Ca, Mg, K, Zn), amino acids (20), enzymes",Minimal essential oils,"High in water, polysaccharides, vitamins, minerals, amino acids","Skin healing, moisturizing, anti-inflammatory, antimicrobial, antioxidant, laxative (caution)","Traditional skin care, wound healing, digestive aid (caution), cooling, Ayurvedic pitta balance","Wound and burn healing, skin conditions (eczema, psoriasis), digestion support, skin care","Gel (primary), latex (restricted use due to anthraquinones)","Gel: topical application as needed; Internal: 1-2 tbsp juice daily (gel only, NOT latex)","Fresh gel, juice, limited internal use (gel preferred; latex avoided internally)","Fresh gel application, topical cream, oil infusion, wound dressing","Edible gel in beverages, smoothies, desserts; latex NOT edible","Gel extraction (manual), juice extraction, water extraction of gel",Gel: Very low; Latex: MODERATE (anthraquinones cause purgative effects and potential toxicity),"Latex INTERNALLY AVOID (strong purgative, potential toxicity); Pregnancy (internal use caution)",Gel safe topically in pregnancy; internal latex AVOID; gel juice minimal in lactation,Latex may interact with medications (purgative effect); Gel minimal interactions,"Not threatened, IUCN: Not evaluated (widely cultivated, secure)"
7_32_nayontara,Catharanthus roseus,Apocynaceae,Catharanthus / roseus,"Bengali: Nayontara, Sadabahar, Nosipushpi; English: Madagascar Periwinkle, Rosy Periwinkle; Hindi: Sadabahar","Oblong-elliptic, 2-5cm, glabrous, opposite arrangement, margin entire, leathery",Herb/Subshrub,Perennial,Madagascar,"Tropical deciduous forests, now cultivated widely","Madagascar native; pantropical cultivation, medicinal and ornamental","Well-drained loamy soil, fertile, slightly acidic to neutral","Tropical-subtropical, 20-32°C, moderate rainfall (800-1500mm)","Indole alkaloids (vincristine, vinblastine, ajmalicine, serpentine)","Alkaloids (40+ identified), flavonoids, phenols",Minimal essential oils,Limited nutritional value; alkaloid-rich (medicinal compounds),"Antitumor, anticancer, antidiabetic, antimicrobial, anti-inflammatory","Traditional folk remedy for diabetes, blood sugar management, cancer research (alkaloids)","Cancer chemotherapy (pharmaceutical alkaloid isolation), diabetes support, antitumor research",Whole aerial plant (alkaloids extracted pharmaceutically),Limited traditional use; primarily pharmaceutical extraction; 1-3g herbal preparation maximum,"Decoction, infusion, powder (limited use; pharmaceutical extraction preferred)","Paste, topical application (limited)",None; strictly medicinal/pharmaceutical,"Pharmaceutical alkaloid extraction, aqueous decoction (traditional limited use)",HIGH - Alkaloid content is potent; pharmaceutical use under medical supervision only,"Pregnancy ABSOLUTELY AVOID, lactation AVOID, internal use requires medical supervision",CONTRAINDICATED in pregnancy (cytotoxic alkaloids); AVOID in lactation,SERIOUS: Potent alkaloids interact with multiple medications - pharmaceutical use only,"Vulnerable (Madagascar endemic), IUCN: Vulnerable (habitat loss, collection pressure)"
7_33_longevity_spinach_gainura,Talinum triangulare,Talinaceae (formerly Portulacaceae),Talinum / triangulare,"Bengali: Gainura, Longevity Spinach; English: Longevity Spinach, Philippine Spinach, Waterleaf; Hindi: Rai-Kai, Gains","Triangular to ovate, 2-5cm, glabrous, fleshy succulent, alternate arrangement",Herb/Succulent,Perennial,"Tropical Americas, now pan-tropical","Tropical cultivated areas, open disturbed areas","Pantropical cultivation, Bangladesh, Southeast Asia, Africa","Well-drained sandy loam, adaptable, poor soil tolerant","Tropical-subtropical, 20-32°C, moderate rainfall (600-1500mm)","Minerals (iron, calcium, potassium), vitamins (A, C), phytochemicals","Flavonoids, tannins, phenols, alkaloids",Minimal essential oils,"High in iron, calcium, beta-carotene, vitamin C, mineral-rich (longevity tonic status)","Nutritive, antioxidant, mineral-rich, anti-inflammatory, blood building","Traditional longevity tonic, blood building, nutritive support, energy enhancement","Nutritional support, anemia management, mineral supplementation, traditional health",Leaves and tender shoots (edible),"Fresh leaves 50-100g daily, cooked or raw, or 3-6g dried powder","Fresh leaves cooked as vegetable, salad, herbal tea, juice, powder","Paste, poultice, topical application","Edible vegetable in curries, soups, salads, stir-fries (tender leaves preferred)","Water extraction, juice extraction, dried powder preparation",Very low; food-grade herb/vegetable,None significant; safe vegetable,Safe and beneficial in pregnancy and lactation; nutritive tonic,Minimal interactions expected,"Common, IUCN: Not evaluated (widely cultivated, secure)"
7_34_betal,Piper betle,Piperaceae,Piper / betle,"Bengali: Betel, Paan Pata; English: Betel Pepper, Betel Vine; Hindi: Paan, Betel","Cordate (heart-shaped), 5-15cm long, acuminate, glabrous, alternate arrangement, aromatic",Vine (climber),Perennial,Indian Subcontinent,"Tropical wet forests, cultivated on support structures","India, Bangladesh, Southeast Asia, South Asia","Well-drained loamy soil, fertile, high humidity required","Tropical, 20-32°C, high humidity, 1500-2500mm rainfall, shade-loving","Safrole, phenols, tannins, essential oils (betel oil), eugenol, anethole","Alkaloids, flavonoids, lignans, terpenes",0.5-2% essential oil (safrole-rich),"Vitamins (A, C), minerals, antioxidants, carotenoids","Antimicrobial, anthelmintic, carminative, digestive aid, oral health support, stimulant","Traditional digestive stimulant, oral freshener, after-meal digestive aid, betel preparation","Oral health support, antimicrobial therapy, digestive stimulation, traditional use",Leaves (betel paan preparation),"1-3 leaves daily as paan (traditional preparation), fresh juice 5-10ml","Fresh leaf chewing (traditional betel paan), juice, infusion, decoction","Paste, poultice, oral rinse (decoction)","Betel leaf chewing (with areca nut, lime, spices - traditional 'paan' practice)","Water extraction, 50% ethanol extraction, essential oil distillation",Low (safrole content minimal concern at traditional use levels); chronic chewing may increase oral cancer risk,"Pregnancy (mild stimulant effects caution), oral cancer risk (chronic betel chewing with other ingredients)",Minimal concern at normal use; caution with excessive chewing in pregnancy,Minimal interactions; stimulant mild effect,"Common, IUCN: Not evaluated (widely cultivated, culturally significant)"
